<?xml version="1.0" encoding="UTF-8"?>
<project-private xmlns="http://www.netbeans.org/ns/project-private/1">
    <editor-bookmarks xmlns="http://www.netbeans.org/ns/editor-bookmarks/2" lastBookmarkId="0"/>
    <open-files xmlns="http://www.netbeans.org/ns/projectui-open-files/2">
        <group>
            <file>file:/C:/Users/Admin01/Documents/NetBeansProjects/BASE%20DE%20DATOS/ListaEN/src/fes/aragon/inicio/Inicio.java</file>
            <file>file:/C:/Users/Admin01/Documents/NetBeansProjects/BASE%20DE%20DATOS/ListaEN/src/fes/aragon/codigo/Lista.java</file>
            <file>file:/C:/Users/Admin01/Documents/NetBeansProjects/BASE%20DE%20DATOS/ListaEN/src/fes/aragon/codigo/Nodo.java</file>
            <file>file:/C:/Users/Admin01/Documents/NetBeansProjects/BASE%20DE%20DATOS/ListaEN/src/fes/aragon/codigo/Libro.java</file>
            <file>file:/C:/Users/Admin01/Documents/NetBeansProjects/BASE%20DE%20DATOS/ListaEN/registroalumno.xls</file>
        </group>
    </open-files>
</project-private>
